tempo_contrato,valor_mensal,reclamacoes,cancelou,nota_satisfacao,chamados_suporte
39,95.83,2,0,5,1
29,104.56,1,0,4,1
15,144.15,0,0,5,0
43,88.61,3,1,5,3
8,146.12,2,0,5,2
21,140.54,0,0,5,1
39,69.58,2,0,5,1
19,56.94,0,0,4,0
23,60.08,1,0,4,1
11,51.82,0,0,5,1
11,59.44,0,0,5,2
24,118.3,1,0,3,3
36,57.12,1,0,5,3
40,81.9,0,0,5,1
24,134.49,1,0,4,1
3,52.33,3,1,4,6
22,131.45,0,0,5,0
2,78.19,2,1,5,2
24,61.82,0,0,5,0
44,119.67,0,0,5,0
30,112.89,0,0,4,1
38,137.75,0,0,5,1
2,123.51,2,1,3,2
21,130.35,2,0,5,0
33,78.2,2,0,3,0
12,67.74,2,0,5,0
22,125.06,1,0,4,1
44,130.68,2,0,4,1
25,149.05,4,1,4,4
27,91.26,0,0,5,1
42,87.2,1,0,5,2
28,127.64,1,0,5,1
16,84.08,0,0,5,0
15,143.08,3,1,4,1
47,135.84,1,0,4,1
44,92.9,1,0,5,0
3,125.09,1,1,5,3
37,125.45,3,1,5,2
7,60.31,0,0,4,0
21,140.26,0,0,5,1
9,100.53,4,1,4,4
39,132.65,0,0,3,0
18,82.0,2,0,4,2
4,139.55,1,1,4,2
25,88.92,0,0,5,5
14,51.08,1,0,5,1
9,140.54,1,0,5,3
26,59.13,1,0,4,1
2,81.93,2,1,4,3
20,145.01,2,0,4,2
28,145.06,2,0,5,1
47,107.34,0,0,5,0
7,113.18,1,0,5,0
44,94.84,0,0,5,0
8,79.32,2,0,4,1
47,82.87,1,0,5,0
35,117.25,0,0,4,2
14,125.24,3,1,3,5
17,129.16,1,0,5,1
36,128.96,2,0,5,1
40,59.12,1,0,4,0
4,99.44,0,1,4,2
2,55.76,1,1,5,1
6,104.95,2,0,4,3
42,94.15,4,1,3,1
4,138.77,2,1,4,4
29,85.09,1,0,5,0
18,61.71,2,0,5,4
26,64.3,2,0,5,2
44,126.15,2,0,5,0
34,111.82,1,0,5,1
10,60.11,6,1,4,5
36,58.41,1,0,5,2
14,120.1,1,0,4,1
31,57.28,0,0,5,0
15,132.19,0,0,5,0
8,120.62,2,0,5,0
14,58.13,0,0,4,0
23,58.48,1,0,5,2
40,148.66,2,0,5,2
21,87.43,2,0,5,1
16,87.06,0,0,5,1
45,131.28,1,0,4,0
18,144.72,5,1,3,10
47,148.6,2,0,5,1
24,125.34,4,1,3,5
26,87.63,2,0,5,4
25,58.35,0,0,4,3
45,127.71,1,0,5,3
41,105.84,1,0,4,0
29,92.42,0,0,5,1
15,140.64,0,0,5,0
45,61.12,2,0,5,2
1,99.26,1,1,4,2
25,51.14,2,0,5,0
7,96.87,3,1,4,2
9,55.63,1,0,5,2
24,61.88,2,0,5,3
1,61.75,2,1,4,1
44,114.92,1,0,5,0
8,124.6,0,0,5,4
24,108.34,0,0,5,0
11,146.22,2,0,5,2
17,87.49,4,1,4,2
8,78.57,2,0,4,3
35,136.86,0,0,5,2
35,72.36,1,0,5,0
33,146.32,1,0,5,1
5,51.22,2,1,5,3
42,146.99,2,0,5,0
39,54.32,5,1,5,1
41,139.11,0,0,5,2
28,102.77,1,0,4,1
7,149.3,1,0,5,1
9,57.38,1,0,5,0
8,105.39,0,0,5,1
12,146.93,1,0,4,1
34,102.31,2,0,5,1
33,112.94,2,0,5,1
23,119.57,2,0,5,0
24,95.45,6,1,2,7
37,112.76,3,1,4,2
35,108.43,0,0,5,0
44,140.12,2,0,5,3
40,54.54,1,0,4,1
22,78.1,2,0,5,3
27,145.04,3,1,4,2
35,139.03,1,0,5,1
1,95.57,2,1,5,1
35,112.01,3,1,5,2
37,77.74,3,1,5,2
47,68.81,2,0,4,2
14,96.37,2,0,5,1
3,85.34,1,1,4,1
1,108.37,0,1,4,0
5,57.77,1,1,4,1
26,147.44,1,0,4,1
14,148.62,4,1,5,3
39,119.82,1,0,5,0
27,103.61,0,0,4,2
9,80.95,1,0,5,1
15,131.38,3,1,4,3
15,118.47,2,0,5,3
26,66.26,0,0,4,0
42,141.09,2,0,4,0
13,132.25,0,0,5,0
32,144.98,2,0,4,0
39,122.57,1,0,5,3
32,111.34,2,0,5,0
4,91.82,2,1,5,2
30,143.27,3,1,5,1
37,136.61,0,0,5,2
23,54.52,0,0,5,2
39,52.64,2,0,5,0
45,87.65,2,0,4,2
15,131.06,5,1,3,3
43,148.73,0,0,4,1
29,65.04,0,0,5,1
36,109.41,3,1,4,0
13,88.09,0,0,5,2
32,146.99,0,0,5,0
7,134.21,2,0,5,1
22,133.83,1,0,5,1
28,96.87,1,0,4,1
2,91.48,2,1,5,1
42,77.34,0,0,4,1
45,55.64,0,0,5,1
6,136.47,1,0,4,2
28,131.29,1,0,5,1
28,149.97,3,1,4,2
44,149.66,1,0,5,1
44,105.54,2,0,5,2
20,126.9,2,0,5,1
30,144.48,1,0,5,1
11,134.96,1,0,4,2
28,74.73,0,0,5,1
25,95.05,1,0,5,1
39,62.92,0,0,4,1
33,145.41,1,0,5,0
1,110.62,3,1,5,4
27,72.86,0,0,5,2
13,117.17,0,0,5,2
41,111.81,2,0,5,0
3,85.82,1,1,5,1
39,61.36,4,1,5,2
6,117.16,2,0,4,3
8,102.03,3,1,3,4
27,127.23,3,1,5,3
9,102.02,0,0,4,2
37,135.22,1,0,5,0
33,105.19,1,0,5,1
42,106.09,2,0,5,1
44,137.67,3,1,5,0
24,90.35,1,0,5,1
15,63.4,3,1,4,3
32,52.88,1,0,5,0
32,125.51,0,0,5,2
24,112.03,1,0,5,1
41,120.41,3,1,5,0
12,71.3,1,0,5,1
39,63.64,1,0,5,0
2,51.45,2,1,4,1
3,85.06,4,1,3,2
37,108.99,1,0,5,0
17,89.22,1,0,5,0
2,93.75,3,1,5,4
2,140.42,2,1,5,4
28,84.83,2,0,4,0
23,101.4,2,0,5,2
37,128.37,2,0,4,2
32,89.65,1,0,5,2
33,112.21,0,0,5,1
1,136.24,2,1,5,2
19,144.95,1,0,3,1
2,64.71,1,1,3,1
44,142.66,2,0,5,2
26,99.21,0,0,5,0
32,75.82,0,0,5,2
6,95.91,1,0,5,1
32,148.0,2,0,4,0
4,99.26,2,1,5,1
11,82.88,0,0,5,0
17,113.34,0,0,5,2
38,74.01,3,1,4,1
24,57.59,3,1,5,2
5,62.89,0,1,4,2
34,62.8,1,0,5,1
6,65.19,2,0,4,2
22,63.88,0,0,5,2
11,114.09,2,0,5,4
16,68.19,1,0,5,2
33,84.57,0,0,5,1
9,139.68,2,0,4,3
6,97.4,4,1,4,5
16,116.76,2,0,4,5
29,67.23,0,0,5,1
3,69.23,1,1,5,3
20,54.09,0,0,5,0
36,66.89,2,0,5,1
19,77.86,3,1,5,2
26,67.7,4,1,5,0
3,58.87,3,1,5,5
19,62.06,3,1,5,1
20,96.08,2,0,5,0
32,70.63,0,0,5,1
7,86.43,2,0,3,4
41,100.34,4,1,4,3
33,119.04,3,1,5,2
40,53.93,4,1,5,3
39,129.94,1,0,4,0
18,112.79,1,0,4,1
40,58.18,1,0,5,2
1,137.36,2,1,3,1
11,142.09,1,0,4,0
28,56.11,1,0,4,0
25,77.69,0,0,5,3
23,130.62,3,1,4,0
31,124.83,2,0,5,0
30,68.45,1,0,5,2
42,70.93,1,0,5,0
35,87.05,2,0,5,0
7,98.45,5,1,3,1
16,111.83,0,0,5,0
26,86.89,0,0,4,3
2,96.25,2,1,3,1
1,124.75,1,1,4,2
12,53.67,2,0,4,1
5,75.24,1,1,3,0
37,121.33,1,0,4,0
32,139.52,2,0,5,2
9,101.17,2,0,3,2
41,103.21,1,0,4,1
35,60.72,0,0,5,1
19,94.74,1,0,4,1
16,103.26,2,0,5,1
3,74.25,1,1,4,3
20,76.92,3,1,5,4
24,87.73,0,0,5,1
33,52.01,5,1,4,2
24,82.21,0,0,5,1
11,71.14,2,0,5,1
8,82.75,2,0,5,2
36,61.98,1,0,5,1
38,139.05,3,1,5,1
40,109.36,2,0,4,1
20,117.91,0,0,5,0
35,128.92,2,0,5,2
25,99.84,0,0,5,1
35,58.69,0,0,5,2
25,103.71,2,0,5,0
29,108.68,1,0,5,0
18,124.54,3,1,3,3
46,93.17,2,0,5,1
18,62.76,3,1,5,2
2,78.38,0,1,5,1
35,86.31,2,0,4,0
16,114.59,0,0,5,1
41,107.08,0,0,4,0
36,85.61,1,0,5,0
33,148.65,1,0,5,1
4,110.58,1,1,4,0
33,73.72,1,0,5,1
14,60.18,1,0,5,3
21,65.29,3,1,4,1
20,74.6,1,0,5,0
8,66.07,4,1,5,4
7,68.66,1,0,5,4
3,78.51,2,1,4,2
17,67.34,1,0,5,2
33,139.68,1,0,5,2
12,58.02,2,0,5,3
22,102.45,3,1,5,5
22,91.04,1,0,5,2
46,148.24,4,1,5,3
30,61.2,1,0,5,1
38,89.79,1,0,5,0
38,146.95,3,1,4,3
45,136.55,1,0,5,0
8,131.71,1,0,4,2
27,75.79,2,0,4,1
27,67.09,1,0,5,0
34,116.86,3,1,5,5
21,142.94,2,0,3,2
30,105.68,1,0,5,0
33,107.16,4,1,4,1
28,78.0,2,0,5,1
47,126.95,1,0,5,1
33,68.7,3,1,5,1
5,82.37,1,1,4,0
19,92.54,4,1,4,3
4,100.76,0,1,5,0
35,74.24,1,0,5,2
17,61.48,0,0,5,1
44,111.06,1,0,4,0
28,78.86,0,0,5,0
30,108.12,0,0,4,0
29,65.44,3,1,5,2
46,98.11,1,0,5,0
6,103.26,1,0,5,0
35,55.18,1,0,5,1
41,83.66,2,0,5,0
37,63.44,0,0,5,1
24,56.34,2,0,5,1
29,149.0,1,0,4,0
46,82.24,2,0,5,0
31,130.99,0,0,5,4
35,75.46,0,0,5,0
33,118.15,1,0,5,2
21,126.02,1,0,5,0
32,109.56,4,1,5,1
23,97.16,2,0,5,0
33,91.18,0,0,5,1
3,84.89,2,1,5,3
18,142.95,1,0,5,1
25,133.06,3,1,4,1
42,146.5,1,0,4,2
31,62.43,0,0,5,1
3,123.09,1,1,5,2
40,143.83,0,0,5,2
46,68.12,1,0,4,0
24,56.65,0,0,5,0
32,124.11,2,0,4,0
47,107.45,2,0,5,0
22,134.18,2,0,4,2
23,63.98,0,0,5,0
2,129.53,1,1,5,2
27,70.16,2,0,5,1
42,66.37,1,0,5,0
2,66.43,5,1,2,4
26,131.46,2,0,5,1
17,116.52,1,0,5,0
40,102.31,3,1,5,0
33,85.88,3,1,5,0
9,137.72,1,0,5,0
43,89.24,3,1,5,3
39,131.66,0,0,5,0
29,93.91,1,0,5,1
42,87.69,0,0,5,0
26,96.27,0,0,5,1
35,80.14,3,1,4,3
25,124.76,2,0,5,1
24,100.27,0,0,5,1
13,73.22,0,0,5,1
7,139.96,0,0,5,1
36,88.39,2,0,5,4
45,104.36,0,0,5,1
20,140.65,0,0,5,1
1,112.42,2,1,3,2
8,61.69,2,0,5,0
46,143.98,0,0,4,1
16,112.77,3,1,4,2
14,83.49,0,0,4,1
12,63.93,3,1,4,1
23,129.4,3,1,5,3
15,112.01,1,0,5,2
28,103.35,2,0,5,0
34,139.39,1,0,5,1
2,128.86,3,1,4,5
32,65.17,0,0,5,4
23,81.17,0,0,5,0
22,74.85,2,0,5,1
25,124.39,4,1,3,3
22,53.35,3,1,5,4
22,106.99,2,0,5,2
42,126.25,3,1,5,1
6,137.68,0,0,5,2
15,84.21,0,0,4,0
43,132.13,2,0,5,0
37,61.06,3,1,5,1
33,134.65,2,0,4,1
8,62.75,3,1,3,3
44,89.73,1,0,5,0
44,129.73,1,0,5,0
5,64.99,1,1,5,0
39,72.93,1,0,5,1
4,122.23,2,1,4,3
6,122.0,3,1,5,2
45,114.11,2,0,5,3
32,119.39,0,0,5,0
30,104.27,1,0,4,0
47,75.18,1,0,5,1
35,84.57,2,0,5,1
40,68.16,0,0,5,0
16,140.85,3,1,3,0
13,108.34,3,1,5,4
42,90.09,1,0,5,0
30,96.2,1,0,5,2
19,144.73,1,0,4,4
17,65.34,1,0,5,2
19,108.62,2,0,4,1
28,100.59,0,0,5,0
26,111.15,2,0,4,2
37,51.81,3,1,5,1
26,137.21,2,0,5,0
23,143.21,0,0,5,0
9,106.51,2,0,3,1
12,119.67,2,0,5,1
1,142.25,0,1,5,1
1,120.72,1,1,5,2
47,65.25,0,0,5,1
34,107.63,0,0,5,0
32,110.67,5,1,3,4
25,92.41,2,0,4,1
40,123.64,2,0,5,1
45,143.44,2,0,4,0
1,142.56,1,1,5,2
16,95.08,0,0,4,0
39,61.32,0,0,3,0
5,148.48,2,1,4,5
22,133.89,2,0,4,1
29,62.47,3,1,4,3
3,142.08,2,1,2,3
12,136.99,0,0,4,3
26,101.88,0,0,5,1
16,109.13,2,0,5,1
37,89.9,2,0,5,1
22,55.48,1,0,5,2
29,83.52,3,1,5,0
14,130.29,0,0,3,0
28,50.46,1,0,5,1
5,83.35,2,1,5,2
47,89.82,1,0,5,0
30,103.74,2,0,4,3
46,141.99,1,0,5,0
5,84.63,0,1,5,1
12,84.7,1,0,5,1
16,123.75,1,0,5,3
26,95.22,2,0,4,0
26,72.46,4,1,5,0
21,95.24,1,0,5,0
39,64.09,2,0,4,2
36,67.64,1,0,5,0
33,99.84,3,1,3,2
30,91.89,1,0,5,0
37,141.48,0,0,5,2
23,86.24,1,0,4,0
10,108.06,3,1,4,5
5,113.23,2,1,5,7
36,51.31,2,0,5,0
34,116.35,1,0,4,0
31,67.8,0,0,5,2
10,146.11,4,1,3,2
19,64.87,2,0,5,1
32,91.46,2,0,5,1
1,58.53,0,1,5,1
5,149.69,1,1,5,0
45,100.22,1,0,5,1
4,109.54,2,1,5,2
16,56.71,0,0,5,1
24,125.0,3,1,5,1
16,70.99,3,1,4,2
2,139.81,0,1,5,1
28,70.51,3,1,5,1
32,69.07,0,0,5,0
27,53.65,2,0,4,2
20,97.21,2,0,4,1
24,106.48,1,0,4,3
12,56.57,4,1,4,1
35,127.55,2,0,4,1
33,95.33,2,0,5,1
10,83.42,1,0,3,2
13,101.43,1,0,5,4
2,118.66,3,0,4,3
17,65.82,0,0,5,2
47,102.11,2,0,5,2
10,119.18,0,0,5,1
9,59.15,1,0,5,1
38,127.88,1,0,5,0
25,114.88,1,0,5,3
33,86.54,0,0,4,0
4,130.06,1,0,4,0
18,109.83,0,0,5,2
23,81.62,2,0,5,3
35,84.15,1,0,5,0
30,127.25,2,1,5,2
13,67.3,2,0,5,4
15,125.21,0,0,4,1
37,148.84,0,1,5,1
37,106.68,2,0,5,0
20,144.45,1,0,4,3
22,92.69,3,0,5,1
22,89.53,1,0,5,2
35,149.35,2,0,5,1
25,96.01,3,0,4,0
36,64.51,0,0,5,0
7,53.13,1,0,5,1
31,109.59,1,0,5,3
46,147.48,3,0,5,1
33,70.79,2,0,5,1
28,62.72,1,0,4,0
42,116.05,0,0,5,0
4,120.19,2,0,5,1
32,144.09,2,0,5,2
33,122.63,6,0,3,3
6,101.33,0,0,5,0
25,140.12,1,0,5,1
37,76.46,2,0,5,0
19,51.36,0,0,5,0
1,149.09,2,1,4,1
47,58.27,3,0,5,0
3,146.87,1,0,4,2
5,109.02,4,0,3,6
23,70.5,0,0,5,0
19,138.41,1,0,5,2
43,127.86,0,0,5,0
12,127.64,4,0,4,4
9,80.51,1,0,5,2
12,91.67,1,0,4,2
22,143.83,1,0,4,3
48,84.8,1,0,5,0
1,51.06,1,0,5,2
23,143.14,1,0,5,0
14,111.51,2,1,5,2
47,119.2,3,0,5,1
20,140.5,3,0,5,4
19,132.52,2,0,5,1
48,54.59,0,0,5,0
15,133.9,2,0,5,0
34,148.38,2,0,4,0
26,50.5,0,0,5,0
32,142.83,0,0,5,0
11,94.08,0,0,2,2
31,143.52,4,0,5,3
37,122.86,1,0,5,2
23,55.78,0,0,5,0
23,133.41,2,0,5,1
6,60.41,3,0,4,4
21,103.79,0,0,3,1
21,98.78,4,0,3,1
9,139.61,0,0,5,3
6,115.02,0,0,5,0
6,113.34,1,0,4,1
33,69.09,1,0,5,3
42,144.05,0,0,5,1
24,100.11,0,0,5,2
8,115.39,1,0,4,1
43,138.69,1,0,5,0
45,95.77,3,0,4,1
9,117.35,2,0,5,1
1,59.98,1,0,5,2
13,92.51,1,0,4,2
1,68.01,0,0,4,2
5,81.95,1,0,5,1
7,56.01,2,0,3,1
25,130.01,3,0,5,2
3,136.62,3,0,4,3
33,100.27,2,0,4,1
32,89.25,2,0,5,1
43,81.24,2,0,5,0
26,114.44,3,1,5,2
45,85.85,1,0,5,0
43,106.71,1,0,4,0
17,96.56,2,0,4,1
48,140.75,2,0,4,2
36,128.32,2,0,5,1
9,146.02,2,0,4,2
6,68.12,0,0,5,1
1,71.39,3,0,5,2
37,114.6,3,0,5,2
30,148.66,1,0,5,0
5,126.45,2,0,3,7
6,54.6,1,0,3,1
1,105.27,1,0,5,1
38,55.45,1,0,5,0
26,73.84,0,0,5,2
3,144.32,1,0,5,3
1,109.5,3,1,5,3
28,131.53,3,0,5,3
24,146.69,1,0,5,2
35,131.59,1,0,5,1
46,138.39,2,0,5,2
21,141.55,0,0,5,0
44,65.05,3,0,5,0
19,76.35,0,0,5,0
4,65.62,2,0,4,1
41,55.09,1,0,4,0
44,117.29,1,0,5,3
41,145.28,0,0,5,1
13,76.24,1,0,5,2
37,129.69,0,0,5,0
37,128.92,1,0,5,1
32,132.23,2,1,5,2
28,118.29,1,0,4,0
22,88.27,3,0,5,3
8,69.7,0,0,4,0
43,145.43,3,0,5,3
29,102.28,2,0,5,0
26,50.76,1,0,4,0
27,86.0,0,0,5,1
40,101.09,3,0,5,0
17,114.39,0,0,5,0
10,121.87,1,0,4,2
33,77.98,1,0,5,0
25,124.26,4,0,4,0
13,78.01,3,0,3,2
30,143.38,2,1,5,0
25,85.48,0,0,5,1
16,78.37,0,0,4,0
23,117.97,1,0,5,0
23,105.22,3,1,5,1
44,86.36,0,0,4,0
29,73.88,0,0,4,0
30,92.57,0,0,4,0
42,57.9,1,0,5,1
6,141.79,1,0,3,3
30,62.8,0,0,5,1
41,126.07,0,0,5,0
30,104.28,1,0,5,0
47,115.89,1,0,4,1
17,76.37,1,0,5,2
3,81.58,2,0,4,1
16,69.27,2,0,4,2
6,122.79,2,0,4,2
3,87.33,3,0,4,7
43,100.98,1,0,5,0
19,127.96,0,0,5,1
7,78.74,1,1,5,1
47,107.49,0,0,5,0
41,74.62,0,0,5,0
17,62.09,0,0,5,1
5,111.23,1,0,5,3
42,95.97,1,0,4,0
25,62.77,0,1,5,0
41,125.45,2,0,4,0
11,56.31,2,0,5,1
22,110.47,0,0,5,0
11,61.45,3,0,4,1
6,73.36,1,1,5,1
4,87.09,0,0,4,2
6,50.15,0,0,5,0
43,60.55,1,0,4,0
17,90.25,1,0,4,1
28,131.96,4,1,3,4
42,85.97,1,0,5,1
20,66.46,2,0,4,1
7,60.08,0,0,5,1
40,131.71,3,0,4,3
30,125.82,1,0,5,1
37,75.97,2,0,4,1
12,66.26,2,0,5,2
47,55.2,0,0,5,0
21,108.9,2,0,5,3
14,114.72,2,0,5,1
9,69.68,2,0,5,2
5,107.03,1,0,5,3
9,70.13,3,0,4,5
36,82.41,1,0,3,1
2,114.08,3,0,4,3
45,145.21,0,0,5,0
16,78.36,1,0,5,0
6,126.13,1,0,4,2
43,58.53,2,0,5,0
23,64.87,2,0,5,2
27,115.68,2,0,4,1
48,121.51,2,0,5,2
40,134.56,1,0,4,1
12,97.08,0,0,5,0
44,68.62,1,0,5,1
18,114.57,1,0,4,2
6,67.35,1,1,5,0
20,116.33,3,0,5,2
6,122.72,0,1,5,0
22,146.27,2,1,5,1
44,82.81,4,0,5,0
16,129.96,1,0,5,2
40,87.58,0,0,5,0
45,73.14,2,0,5,1
16,119.99,2,0,5,0
17,58.31,3,0,5,1
33,118.65,5,1,3,2
17,133.23,0,0,5,2
28,99.12,2,0,4,2
43,57.56,3,0,5,1
41,115.49,1,0,5,1
31,62.43,1,0,4,0
45,101.68,4,0,5,2
20,138.6,1,0,4,2
17,141.7,2,0,5,4
14,140.72,0,0,5,6
22,113.64,1,0,5,0
37,122.11,4,0,4,2
10,88.55,0,0,5,1
10,115.0,0,0,4,1
48,95.44,4,1,5,0
29,139.83,1,0,4,2
25,76.8,2,0,5,1
5,56.58,0,0,5,0
4,117.46,2,1,5,0
41,109.96,1,0,5,3
7,90.46,1,0,5,1
13,127.39,0,0,5,1
47,98.69,2,0,5,0
9,112.84,1,0,5,3
47,135.34,0,0,4,0
4,51.09,1,0,5,1
1,55.73,0,0,3,2
27,61.26,3,0,5,1
16,107.5,1,0,5,0
28,133.87,1,0,5,3
47,110.5,1,0,5,1
17,88.97,2,0,4,2
1,121.63,4,1,4,4
2,134.54,0,0,4,1
46,68.9,5,0,5,1
20,130.06,2,1,5,2
48,97.16,1,0,5,1
20,72.01,1,0,5,2
4,63.2,0,0,4,1
40,52.71,1,0,5,1
3,54.9,3,1,5,3
24,51.75,2,0,4,1
25,52.03,2,0,5,1
26,73.85,4,0,4,3
4,129.99,1,0,4,3
31,136.8,1,0,5,4
39,57.94,2,0,4,0
21,88.25,4,0,5,1
34,79.25,2,0,4,3
12,136.31,2,0,4,1
13,132.69,2,0,4,1
9,146.74,3,1,5,0
30,113.8,1,0,5,0
33,124.57,5,0,4,9
14,66.7,1,0,5,1
47,93.15,4,0,4,2
36,93.95,2,0,5,2
45,94.02,1,0,5,1
22,99.44,1,0,4,2
37,107.76,3,0,5,2
47,84.64,1,0,5,1
18,67.48,2,0,5,4
7,106.49,2,0,5,3
48,136.37,0,0,5,1
34,60.61,0,0,5,1
48,135.55,1,0,5,0
37,69.23,3,0,4,0
8,110.38,1,0,5,0
31,132.37,1,0,4,0
7,81.01,2,0,5,1
23,85.25,0,0,5,1
10,134.84,1,0,5,2
27,86.29,1,0,4,1
12,125.33,1,0,4,1
25,83.53,2,1,5,1
3,100.9,2,0,4,1
16,117.88,2,0,5,2
41,119.48,4,0,4,2
37,51.51,2,0,5,0
37,99.51,2,0,4,1
28,120.84,4,1,5,4
2,132.53,1,0,5,1
38,141.08,3,0,5,2
2,123.56,1,0,5,1
13,93.32,3,0,5,0
40,92.29,3,0,5,1
19,73.08,1,0,5,0
11,61.87,2,0,5,2
43,69.99,3,0,5,0
48,63.74,0,0,5,1
37,80.99,1,0,5,0
22,64.78,3,1,3,0
46,96.35,3,0,3,0
20,113.4,1,0,5,2
41,122.87,3,0,4,3
3,147.07,1,0,3,2
32,92.84,0,0,5,1
2,115.17,2,0,4,4
29,98.14,3,0,5,4
38,65.14,1,0,5,0
28,138.08,2,0,5,0
30,128.42,1,0,5,1
15,96.52,3,0,4,2
2,80.05,0,0,5,2
19,78.02,2,0,5,2
14,70.92,3,0,5,1
17,78.06,4,1,5,1
27,69.12,1,0,5,0
45,91.46,2,0,5,1
11,139.45,2,0,3,1
6,74.93,1,0,5,2
10,58.54,1,0,5,1
24,144.65,1,0,5,1
6,132.89,3,0,4,6
10,138.82,1,0,5,3
4,79.34,1,0,5,2
11,148.19,1,0,5,0
11,95.65,1,0,5,2
15,125.11,0,0,5,1
29,85.25,0,0,5,2
9,139.23,2,0,4,4
7,69.93,1,0,5,2
43,141.63,3,1,4,2
14,132.03,3,0,3,4
12,83.51,1,0,3,1
12,145.29,1,0,5,3
48,61.37,1,0,5,0
37,58.51,2,0,5,0
37,138.75,6,1,4,3
45,94.57,2,0,5,1
44,140.12,1,0,4,0
28,134.87,1,0,4,5
28,133.18,1,1,5,0
12,100.65,0,0,4,1
6,136.81,1,1,5,3
45,60.15,1,0,4,0
20,113.63,2,0,5,1
30,95.2,1,0,5,1
17,141.82,0,0,4,1
41,143.84,1,1,5,0
26,53.5,0,0,5,0
39,76.19,3,0,3,2
16,109.4,0,0,5,0
48,55.88,0,0,5,1
3,109.38,3,0,5,1
4,90.56,2,0,5,5
42,68.44,1,0,5,0
19,86.68,1,0,5,2
26,85.7,0,0,5,0
27,149.98,3,1,5,3
3,94.02,2,1,4,1
40,58.08,4,0,5,1
43,144.6,1,0,5,0
34,65.48,1,0,5,3
17,74.46,1,0,4,1
9,80.02,2,0,5,3
36,78.42,1,0,4,0
35,119.58,0,0,5,1
35,126.18,2,0,5,0
38,146.12,0,0,5,1
46,120.55,1,0,5,0
31,63.24,2,0,5,1
41,115.06,1,0,5,0
40,149.43,1,0,5,0
3,104.36,0,0,5,1
40,145.28,4,0,3,2
24,114.48,2,0,5,3
25,94.07,2,0,5,2
27,146.76,6,0,3,4
11,101.86,2,0,4,2
13,149.37,0,0,5,1
35,53.08,3,0,5,1
40,134.22,3,0,5,3
43,73.88,4,0,5,2
37,131.07,2,0,5,1
43,53.12,2,0,5,2
35,75.03,2,0,5,2
33,57.6,1,0,5,0
9,70.01,1,0,4,0
19,88.96,0,0,5,0
13,145.14,1,0,5,2
32,108.43,2,0,5,0
16,96.72,2,1,4,2
9,50.74,0,0,5,0
28,136.75,3,0,5,2
28,141.55,4,1,5,0
3,105.58,0,0,5,0
32,117.8,1,0,5,1
4,100.54,2,0,5,1
30,133.12,0,0,5,1
39,103.63,1,0,5,0
20,140.0,1,0,4,1
48,92.16,0,0,5,2
8,149.52,0,0,5,0
29,113.25,2,1,5,0
25,105.65,0,0,4,1
43,98.65,1,0,4,1
28,107.16,0,0,5,2
46,99.25,2,0,5,2
40,136.92,0,0,4,3
4,148.89,0,0,5,1
33,89.45,1,0,5,0
44,55.96,1,0,5,2
45,148.48,2,0,4,4
44,97.66,2,0,4,2
7,85.25,0,0,5,0
16,149.15,0,0,5,1
29,89.94,1,0,4,0
23,137.12,2,0,5,2
31,143.13,0,0,5,0
24,144.44,4,0,2,0
37,57.05,1,0,5,1
26,117.7,2,0,5,2
39,57.45,4,0,5,1
38,51.45,1,0,5,1
37,133.24,0,0,4,1
3,129.69,2,0,4,1
38,97.81,1,0,4,0
8,55.16,1,0,5,2
47,99.8,1,0,5,1
2,70.08,1,0,5,1
2,130.96,1,0,5,2
3,121.75,3,0,4,7
45,135.1,4,0,5,1
48,113.58,2,0,5,0
43,58.43,2,0,4,1
22,123.69,2,0,5,2
39,72.47,5,1,4,3
22,84.06,1,0,5,0
16,108.32,4,0,3,6
43,137.76,2,0,4,2
32,92.5,2,0,5,0
9,61.1,1,0,5,0
38,79.16,1,0,5,0
26,118.47,1,1,5,0
19,123.56,2,0,4,1
20,141.92,0,0,5,1
18,109.2,1,0,5,1
44,113.38,5,1,4,3
13,65.43,0,0,5,1
12,136.47,2,0,5,2
12,80.88,1,0,4,3
33,137.48,0,0,5,0
40,135.68,5,0,4,1
43,116.07,2,0,5,1
1,66.49,1,0,5,0
11,67.03,1,0,4,0
3,102.86,1,0,5,2
7,145.16,1,0,4,4
40,87.67,3,0,5,2
43,127.63,0,0,5,0
37,128.18,0,0,5,0
45,128.84,0,0,5,0
42,144.13,1,0,5,0
31,115.67,1,0,5,0
1,124.3,1,0,5,1
47,101.71,0,0,5,1
45,136.39,1,0,5,0
6,141.74,1,0,5,4
4,134.83,4,1,3,3
13,70.74,2,0,5,3
39,121.59,1,0,5,1
25,103.11,1,0,5,1
26,88.46,1,0,5,0
26,54.32,3,0,5,1
13,58.06,2,0,5,1
14,132.1,1,1,5,1
26,58.81,0,0,5,2
7,92.94,1,0,4,1
24,79.67,0,0,5,0
18,112.15,3,0,4,0
4,51.12,2,0,5,0
20,78.55,1,0,5,1
47,131.97,3,0,5,0
10,142.28,3,0,3,6
4,135.67,1,0,4,2
23,64.83,2,0,5,0
31,107.56,1,0,5,2
47,64.84,4,0,5,2
45,84.92,1,0,5,2
24,146.58,3,0,5,1
19,135.19,2,0,5,2
13,71.37,3,0,4,0
7,91.09,1,0,4,1
47,101.75,1,0,5,0
29,79.53,1,0,4,0
18,80.69,2,0,5,2
35,93.63,3,0,5,3
36,82.74,1,0,5,2
25,112.42,0,0,5,0
22,73.04,1,0,5,0
4,143.21,0,0,5,1
21,97.79,2,0,5,1
36,97.98,1,0,5,0
20,90.86,0,0,4,1
30,120.21,3,0,5,2
34,102.33,0,0,3,1
9,133.18,0,0,5,2
38,85.69,1,0,5,2
2,63.78,2,0,5,6
32,88.69,1,0,5,0
45,96.27,2,0,5,0
6,71.92,1,0,4,1
17,116.28,0,0,4,1
15,104.78,0,0,4,1
17,66.99,1,0,4,2
33,88.08,1,0,4,0
38,136.98,2,0,5,4
6,67.8,2,0,4,4
47,140.55,1,0,5,2
9,100.69,4,0,3,4
37,109.38,2,0,5,3
32,66.63,1,0,4,0
9,149.04,1,1,5,0
20,115.06,2,0,5,5
25,108.54,1,0,5,2
31,75.11,1,0,5,1
24,70.15,0,0,5,2
6,67.39,1,1,5,1
34,90.36,1,0,5,0
26,109.78,1,0,5,1
29,95.53,1,0,4,1
4,138.55,2,1,5,5
3,139.23,6,0,2,6
3,64.1,2,1,4,1
11,108.61,2,0,5,3
12,131.01,1,1,5,1
9,50.36,1,0,5,0
21,147.58,3,0,4,4
12,104.78,2,1,4,0
47,130.96,5,0,4,6
21,119.38,3,0,4,1
25,146.22,2,0,3,1
39,87.08,3,0,4,1
37,139.54,2,0,4,2
39,111.61,0,0,5,0
44,122.52,1,0,5,2
43,59.94,1,0,4,2
3,106.99,0,0,5,3
8,56.74,0,1,5,0
34,105.27,1,0,5,1
47,74.4,3,0,4,0
28,74.08,0,0,5,0
40,73.14,3,0,5,1
47,89.26,2,0,5,1
34,105.86,0,0,5,3
35,103.08,0,0,5,2
43,144.51,3,1,5,0
14,91.41,2,0,5,1
16,114.87,0,0,5,0
31,130.0,0,0,5,1
31,90.67,2,0,5,2
31,120.59,0,0,5,1
13,68.7,1,0,5,2
13,98.84,0,0,5,0
9,51.3,1,0,5,0
4,119.05,2,0,5,2
29,55.21,2,0,5,1
24,78.57,1,0,5,0
29,89.52,1,0,5,1
32,53.33,1,0,5,0
8,141.2,4,1,4,8
45,134.05,2,0,5,1
21,128.87,2,0,5,1
35,127.02,0,0,3,1
39,108.0,3,0,4,3
32,130.97,0,0,5,1
36,97.25,3,1,5,0
10,135.64,2,0,3,3
46,141.75,3,0,5,2
29,122.55,1,0,5,0
25,110.63,4,0,3,2
48,102.6,1,0,5,2
28,56.98,1,0,5,1
42,81.97,2,0,5,0
25,109.8,3,0,4,0
19,115.96,0,0,5,1
40,118.48,0,0,5,0
5,107.01,2,0,5,2
43,120.6,2,0,4,1
30,124.16,3,0,5,2
44,97.84,2,0,5,3
22,102.61,2,0,5,1
3,90.11,3,0,5,1
26,102.67,1,0,5,1
29,105.72,0,0,5,0
20,93.65,1,0,5,1
42,70.37,0,0,5,1
35,119.7,0,0,5,2
38,146.32,1,0,5,2
45,112.61,4,0,5,1
41,108.88,2,0,5,0
30,94.1,1,0,4,2
41,76.65,1,0,4,0
17,127.62,0,0,5,2
2,126.62,1,0,4,1
5,132.45,0,0,5,1
36,64.71,2,0,5,0
9,136.52,2,0,5,2
27,106.18,1,0,5,1
5,147.14,1,0,5,0
44,112.26,4,0,3,2
5,77.89,3,0,4,3
9,85.0,1,0,5,1
44,51.21,0,0,5,0
12,115.41,5,0,5,6
29,93.27,1,0,5,1
1,53.97,2,0,4,6
14,126.94,1,0,5,0
38,82.45,2,0,5,1
10,147.28,1,0,5,1
44,127.19,3,0,4,1
14,87.72,2,0,5,3
42,146.4,1,0,5,0
8,99.81,0,0,5,0
30,141.84,3,0,5,3
31,106.13,1,0,5,2
30,51.23,1,0,4,0
24,139.85,2,0,5,1
33,109.71,2,1,4,1
32,54.0,1,0,5,2
11,95.63,2,0,5,1
14,84.33,2,0,5,0
27,79.86,3,0,4,2
1,123.31,1,0,5,2
26,105.75,1,0,5,2
6,145.15,2,0,4,2
2,85.81,3,1,3,2
3,56.5,2,0,5,1
26,97.75,4,0,5,0
33,71.98,2,0,5,0
5,54.61,2,0,4,0
44,135.75,1,0,4,1
8,98.5,1,0,5,2
15,106.46,2,0,5,5
3,57.34,2,0,4,2
24,127.42,0,0,5,0
17,114.14,3,0,4,2
22,136.25,0,0,5,1
17,53.92,3,0,5,2
22,118.64,0,0,4,0
25,61.01,3,0,5,3
25,81.33,0,0,5,0
18,90.57,0,0,5,2
7,113.91,2,0,4,4
2,75.63,0,0,4,1
22,89.88,0,0,5,1
15,89.45,0,0,5,1
43,123.99,4,0,4,0
10,109.7,1,0,4,2
19,58.89,1,0,5,0
36,96.03,2,0,5,1
34,120.29,2,0,5,1
8,119.02,2,0,5,2
3,55.31,2,0,3,0
10,118.3,5,0,3,10
43,61.75,3,0,4,1
3,129.38,1,1,5,3
44,120.66,5,0,5,4
28,127.61,3,0,4,3
22,129.04,1,0,4,0
23,145.94,0,0,4,0
18,61.39,1,0,5,1
39,58.88,2,0,5,0
31,115.78,1,0,4,1
9,108.73,1,0,5,1
2,59.41,1,0,4,2
3,100.79,2,0,5,3
29,137.17,1,0,5,3
14,73.29,2,0,5,5
32,123.85,4,0,4,0
30,85.4,0,0,5,0
25,85.05,0,0,5,0
3,123.22,2,0,4,1
35,80.78,1,0,4,0
24,80.0,2,0,5,0
35,143.71,2,0,3,3
12,128.98,1,1,5,1
10,95.63,2,0,5,2
4,148.4,1,0,4,2
6,147.06,1,0,5,1
7,66.07,0,0,5,0
34,101.74,2,0,5,1
24,142.44,1,0,5,0
36,88.13,0,0,5,0
43,50.19,0,0,5,0
48,127.79,2,0,5,2
46,83.57,1,0,5,2
27,80.15,2,0,4,2
1,104.9,2,0,4,1
26,107.61,2,0,5,0
41,60.35,1,0,5,0
35,55.97,1,0,5,0
23,66.72,1,0,5,0
46,135.35,0,0,4,1
33,132.45,1,0,5,1
33,135.47,0,0,5,2
37,62.21,2,1,4,2
41,136.96,1,0,5,1
43,102.38,0,0,5,0
9,108.56,1,0,5,0
32,75.98,4,0,3,3
31,146.03,2,0,5,2
14,147.05,2,1,5,1
18,123.47,3,0,5,4
46,95.04,0,0,4,1
32,99.72,0,0,5,1
24,62.04,0,0,5,1
6,52.06,2,0,5,3
31,147.84,0,0,4,1
46,147.34,4,0,5,4
9,103.36,0,0,4,2
28,128.83,2,0,5,2
14,111.72,1,0,5,0
47,50.32,0,0,5,1
38,82.78,3,0,5,2
47,138.06,0,0,5,1
39,117.21,1,0,5,2
39,82.33,2,1,5,2
26,124.76,0,0,4,0
12,118.93,2,0,5,2
32,67.31,1,0,5,2
2,139.95,1,0,3,2
17,110.2,0,0,5,2
45,112.69,0,0,5,1
28,125.03,0,0,5,1
36,125.63,1,0,5,1
25,79.16,2,0,4,0
9,57.12,4,0,4,2
24,126.54,2,0,5,3
18,134.35,1,0,4,4
5,145.68,2,1,4,1
13,57.72,0,0,5,0
32,72.19,0,0,5,0
5,57.39,2,0,5,0
13,59.55,2,0,5,4
3,79.23,2,0,5,1
45,137.84,1,0,5,2
33,121.47,1,0,5,1
21,119.03,1,0,5,2
2,115.16,1,0,4,5
10,92.57,2,1,5,1
10,147.56,2,0,3,0
40,113.27,2,0,5,2
14,56.59,0,0,4,0
30,98.93,2,0,5,2
16,149.26,0,0,5,2
9,121.3,0,0,5,1
32,102.74,0,0,5,2
28,92.97,3,0,4,1
46,65.12,0,0,5,1
34,121.06,2,0,5,0
25,126.83,1,0,4,2
28,61.22,0,0,5,0
36,50.5,2,0,5,0
7,119.83,0,0,4,3
35,107.04,4,1,5,0
15,70.08,0,0,5,0
24,53.61,0,0,5,0
7,149.25,2,0,4,7
2,123.09,0,0,5,1
37,121.74,2,0,5,2
45,105.16,1,0,5,2
33,52.97,1,0,5,4
39,105.86,1,0,5,0
38,96.39,1,0,5,1
19,129.62,4,0,3,3
27,85.56,0,0,5,0
33,105.09,3,0,4,3
22,130.29,1,0,5,0
22,145.95,0,0,5,1
47,52.99,0,0,5,1
15,91.78,3,1,5,1
40,62.38,2,0,5,2
23,96.79,3,0,5,1
30,94.51,2,0,5,0
11,133.08,0,0,5,1
29,51.82,1,0,5,0
39,91.66,1,0,4,0
1,116.08,4,1,3,7
10,50.21,1,0,4,1
38,144.99,3,0,5,1
37,90.02,0,0,4,0
34,145.28,2,0,4,1
42,96.61,0,0,5,1
4,80.25,2,0,4,1
38,119.92,0,0,4,1
45,117.28,4,0,5,3
23,78.09,1,0,5,1
19,85.66,2,0,3,1
16,92.72,2,0,5,2
4,78.86,1,0,5,2
24,112.8,3,0,3,3
39,81.33,2,0,4,1
48,71.48,0,0,5,2
4,74.6,3,0,5,3
7,103.66,0,0,4,2
13,81.09,2,1,4,1
23,108.56,2,0,5,0
16,59.98,1,0,5,2
16,81.63,0,0,4,2
27,90.96,2,0,5,2
38,103.2,0,0,5,2
44,56.87,1,0,5,0
20,125.61,1,1,5,0
23,60.74,2,0,5,1
40,144.27,1,0,5,2
3,143.84,0,0,3,5
44,67.28,0,0,5,0
37,79.36,4,0,4,0
24,135.09,2,0,5,1
17,111.32,3,0,4,4
3,128.09,3,0,4,4
41,87.63,2,0,5,3
13,83.34,1,0,4,2
24,140.55,1,0,5,2
44,73.55,0,0,5,2
43,94.59,2,0,5,0
18,127.26,2,0,4,0
40,71.79,4,0,5,1
17,89.62,1,0,4,1
7,89.84,5,1,2,3
25,141.48,0,0,4,0
24,129.49,1,0,5,3
38,78.78,2,0,4,1
12,94.0,2,0,5,3
29,124.56,0,0,5,2
41,82.16,2,0,4,0
31,149.39,0,0,5,2
25,140.06,3,0,5,2
24,57.67,1,0,4,0
32,91.67,3,0,5,2
35,80.85,1,0,5,1
38,70.71,4,0,4,0
8,122.96,1,0,5,4
41,73.65,3,0,5,1
2,128.23,0,0,5,1
42,97.71,1,0,5,0
40,95.72,2,0,5,2
43,55.99,3,0,5,1
47,99.71,2,0,4,0
15,142.68,2,1,5,0
13,113.23,4,1,5,3
2,144.03,3,1,4,4
20,130.2,5,0,1,6
32,146.04,1,0,4,1
33,124.14,1,0,5,0
20,61.27,2,0,5,1
32,71.62,0,0,5,1
17,123.85,2,0,4,1
13,85.01,1,0,5,1
32,118.28,1,0,5,0
27,116.99,0,0,5,1
41,137.37,0,0,5,3
32,53.26,1,0,5,1
3,90.97,0,0,4,0
2,129.17,3,0,4,2
3,127.16,1,0,2,0
2,57.09,0,0,5,3
9,125.28,3,0,5,4
23,136.45,3,0,5,1
45,119.39,0,0,5,1
4,56.1,0,0,5,0
41,91.7,3,0,4,1
38,79.95,0,0,5,2
37,78.04,1,0,5,2
22,138.06,2,1,4,1
16,147.62,0,0,3,1
14,57.86,4,0,4,2
22,100.79,2,0,4,3
19,90.2,0,0,5,1
40,92.65,2,0,5,0
8,100.34,1,0,5,1
15,52.72,1,1,5,1
45,107.51,1,0,5,2
25,50.19,4,0,4,5
15,67.16,1,0,4,1
30,79.2,3,0,5,1
34,93.06,0,0,5,0
42,61.09,1,0,4,0
27,87.82,1,0,5,2
23,137.31,3,0,4,1
7,99.64,2,0,5,3
1,66.28,0,0,4,2
40,111.35,0,0,5,0
32,87.23,4,0,4,3
10,104.19,0,0,4,1
11,143.83,1,0,4,0
32,128.37,3,0,5,1
18,120.51,0,0,5,0
33,138.02,3,0,4,0
26,107.79,3,0,4,2
25,100.17,3,0,5,2
42,149.63,2,0,5,1
13,84.86,2,0,4,4
35,123.14,0,0,5,0
39,123.66,1,0,5,1
2,71.0,2,0,5,3
25,148.64,0,0,5,1
26,93.17,0,0,5,0
39,117.8,1,0,5,0
8,102.04,1,0,5,0
27,146.66,2,1,5,0
46,122.63,2,0,4,1
13,109.28,1,0,5,0
14,112.24,2,0,5,3
21,106.69,0,0,5,1
38,105.6,3,0,5,0
16,144.46,2,0,4,2
20,57.27,1,0,4,1
39,50.61,3,0,5,1
22,123.05,2,0,4,1
7,55.38,2,0,4,2
5,68.71,1,0,5,1
44,96.12,3,0,3,0
48,63.16,2,0,5,0
28,77.28,3,0,4,0
3,54.43,6,1,2,4
43,132.14,0,0,5,0
21,103.79,1,0,5,0
41,65.65,3,1,4,1
29,53.98,2,0,5,0
44,111.63,5,1,4,1
35,146.12,2,0,5,1
9,91.25,2,0,4,3
4,55.93,1,0,5,2
42,104.91,0,0,5,0
18,110.91,2,0,5,2
4,102.97,1,1,5,2
39,149.0,1,0,4,1
29,137.91,0,0,5,1
18,96.27,1,0,4,2
29,121.71,2,0,5,4
31,51.76,0,0,5,1
25,145.07,1,0,5,4
19,66.4,2,0,5,0
10,122.84,0,0,5,2
40,79.97,1,0,5,0
33,122.0,1,0,5,1
20,89.6,0,0,5,0
22,97.74,1,0,5,2
44,83.05,4,0,4,2
27,130.17,0,0,4,1
25,108.33,5,0,5,4
13,101.66,1,0,5,2
9,88.71,1,0,4,1
48,126.34,5,0,5,2
27,133.03,1,0,5,2
4,141.31,0,0,5,0
1,74.0,6,0,2,5
38,94.42,1,0,5,3
23,134.29,5,0,3,5
37,107.18,1,0,5,0
6,51.12,2,0,4,2
4,136.4,2,0,4,2
29,96.73,0,0,5,0
41,118.48,5,0,5,1
40,111.3,0,0,5,0
18,91.73,2,0,5,2
29,92.95,1,0,5,0
32,109.89,3,0,5,0
24,84.28,0,0,4,1
5,63.86,0,0,5,0
14,74.79,1,0,5,1
7,96.76,3,0,4,3
14,72.31,1,0,5,1
29,71.34,2,1,5,0
21,124.5,1,0,5,1
43,138.72,1,0,5,1
46,100.76,0,0,5,2
8,115.62,3,1,3,6
15,108.46,2,0,3,4
35,84.95,0,0,4,1
15,142.95,1,0,4,2
8,83.85,1,1,5,2
19,127.39,2,0,4,0
24,93.74,6,1,3,5
13,119.76,5,0,3,8
41,89.42,1,0,4,1
25,130.43,3,0,4,0
12,50.3,2,0,5,3
7,133.91,0,0,4,1
15,105.17,1,0,5,1
42,124.84,1,0,3,0
44,74.68,3,0,3,0
29,80.17,4,0,4,4
17,117.82,3,1,4,4
4,59.06,1,0,5,3
5,118.12,2,0,5,3
38,123.22,2,0,5,0
20,142.32,1,0,4,2
33,93.06,2,0,5,1
48,121.33,0,0,4,1
20,106.98,1,0,5,1
39,146.05,1,0,4,3
10,51.5,1,0,5,5
11,147.9,1,0,4,0
22,104.97,2,0,5,2
33,95.53,1,0,5,0
6,101.4,1,0,5,1
34,54.91,1,0,4,1
8,87.18,1,0,5,1
40,144.68,1,0,5,1
30,125.97,0,0,5,0
7,149.58,0,0,3,0
7,86.69,1,0,4,0
39,68.04,0,0,5,1
40,90.1,2,0,5,1
17,103.85,1,1,4,1
45,76.55,1,0,5,1
32,97.54,3,0,4,1
26,113.79,0,0,5,0
18,80.77,2,0,5,1
46,64.69,1,0,5,0
32,85.53,1,0,5,3
47,112.35,1,0,4,0
20,129.4,0,0,5,0
28,80.89,0,0,5,0
13,69.05,0,0,5,1
29,127.23,1,0,5,1
10,131.8,1,1,4,4
40,56.19,3,0,5,2
41,97.63,3,0,4,1
25,149.59,1,0,5,2
26,113.74,1,0,5,2
13,140.8,1,0,5,1
1,56.38,2,0,5,4
31,105.56,2,0,5,3
34,102.43,1,0,4,0
14,59.37,1,0,5,2
31,73.82,1,0,5,0
20,117.9,3,0,5,1
37,103.65,3,0,5,1
14,74.21,0,0,5,3
25,138.04,1,0,5,3
15,115.73,1,0,5,2
31,64.25,1,0,5,0
33,83.0,2,1,5,1
14,130.88,2,0,5,2
46,52.66,2,0,5,0
5,86.96,1,0,3,3
3,109.34,2,1,4,4
33,75.61,3,0,5,0
33,84.07,0,0,5,0
36,142.3,0,0,3,1
8,87.87,1,0,5,1
29,112.6,2,0,5,2
41,109.35,2,0,5,0
25,82.24,0,0,5,0
22,99.78,1,0,5,0
16,53.37,4,0,4,2
2,128.24,1,0,5,2
1,88.02,0,0,5,0
16,126.34,2,0,3,0
32,110.72,1,0,5,0
22,94.23,4,0,4,4
36,148.92,1,0,5,1
33,131.95,2,0,4,2
28,102.18,4,0,3,2
12,62.28,0,0,5,0
30,89.69,2,0,5,0
37,119.84,2,0,5,2
35,105.56,0,0,5,3
16,55.97,2,0,5,4
40,97.04,1,0,5,0
36,139.77,0,0,5,1
40,105.9,1,0,5,1
9,58.37,3,0,5,2
21,63.1,2,0,4,1
10,120.18,3,0,5,1
36,121.36,2,0,4,1
3,119.65,1,0,5,1
2,77.18,2,0,5,4
22,99.42,1,0,5,1
47,111.41,1,0,4,2
34,102.93,2,0,5,1
33,81.79,2,0,5,2
48,106.1,5,0,4,4
19,59.55,2,0,5,1
47,144.15,2,0,5,0
15,81.19,0,0,4,1
12,94.6,0,0,5,0
21,56.76,3,0,5,1
15,75.34,1,0,5,0
14,64.23,3,0,5,2
48,86.76,2,0,5,0
44,121.74,1,0,5,0
40,118.8,3,0,4,1
32,116.42,3,0,5,1
8,113.94,1,0,5,1
47,148.18,2,0,5,2
48,147.84,2,0,5,0
24,68.48,0,0,4,0
45,56.42,1,0,4,2
37,76.16,2,0,5,1
16,114.24,0,0,5,1
16,66.22,1,0,5,2
25,59.84,0,0,5,0
45,106.98,1,0,5,2
16,73.32,0,0,5,1
42,51.57,2,0,5,1
20,124.68,2,0,3,3
21,121.59,0,0,5,1
11,87.7,3,0,5,3
18,62.52,6,0,1,6
7,61.48,1,0,5,3
14,51.0,3,0,5,1
2,92.41,0,0,5,1
34,108.11,2,0,5,1
24,73.97,5,0,3,4
5,127.09,2,0,5,4
10,67.81,1,0,5,6
38,55.04,0,0,5,0
1,94.59,2,0,3,2
19,126.93,0,1,5,1
24,115.65,0,0,5,0
1,106.78,1,0,5,1
27,149.3,1,0,5,1
6,77.97,2,0,5,3
19,59.68,0,0,5,0
14,126.86,2,1,5,0
48,117.63,1,0,4,0
44,136.1,2,0,5,1
10,88.64,0,0,5,0
40,92.99,3,0,4,0
3,114.95,1,0,5,3
34,71.73,2,0,4,2
25,55.48,0,0,5,0
7,69.99,2,0,5,2
40,127.8,1,0,5,1
46,140.94,4,0,5,2
17,52.49,0,0,5,0
19,72.66,1,0,5,1
34,76.33,3,0,4,0
43,142.15,1,0,5,0
5,69.47,1,0,4,0
5,52.06,0,0,4,3
48,114.88,0,0,5,2
40,112.18,1,0,5,0
5,143.98,1,0,5,3
31,113.68,2,0,5,1
41,85.24,0,0,5,0
35,90.66,1,0,5,2
38,69.46,0,0,4,0
33,108.2,2,0,5,1
16,82.85,2,0,3,2
10,119.29,1,0,5,0
19,140.62,4,0,5,6
32,80.22,2,0,5,1
22,147.03,0,0,4,1
15,51.83,2,0,5,1
3,79.29,1,1,5,1
4,60.41,3,0,4,5
12,104.31,4,0,4,2
40,77.32,3,0,4,1
42,127.87,2,0,4,2
48,125.04,1,0,5,1
38,64.9,2,0,5,1
31,141.59,1,0,5,1
1,117.94,0,0,5,2
12,94.99,0,0,5,0
47,74.61,1,0,5,0
23,76.58,4,0,4,2
28,145.08,1,0,5,1
20,136.51,1,1,5,0
37,83.57,3,0,5,2
20,117.1,0,0,5,1
23,121.0,0,0,5,0
10,67.68,3,1,3,4
3,111.06,1,0,4,3
40,73.44,3,0,5,0
38,98.97,0,0,5,1
44,108.35,3,0,5,1
8,98.24,1,0,5,0
11,134.84,3,0,5,2
46,100.24,0,0,4,0
4,112.15,2,0,4,2
47,95.86,0,0,3,1
39,139.96,2,0,3,1
31,142.23,0,0,5,1
25,126.69,1,0,5,1
25,69.25,1,0,5,1
30,67.31,2,0,4,0
37,119.75,3,0,5,1
30,94.47,1,0,5,1
36,126.77,2,0,4,1
13,85.87,0,0,5,1
28,100.31,0,0,5,1
48,147.2,0,0,5,1
18,67.55,1,0,4,1
8,134.75,1,0,5,0
46,124.53,2,0,5,1
21,106.95,1,0,5,4
9,119.15,0,1,5,0
18,84.11,1,0,5,3
4,123.79,2,1,3,1
31,66.06,2,0,5,1
43,140.94,0,0,5,3
44,120.67,0,0,5,4
23,82.85,1,0,5,0
43,128.04,4,1,5,2
48,121.9,1,0,5,0
3,112.8,5,1,2,9
10,93.84,2,0,5,3
10,85.55,0,0,5,0
13,84.61,5,1,4,8
27,62.68,3,0,5,1
16,117.75,3,1,4,3
28,75.35,1,1,5,1
45,76.51,2,0,5,1
13,108.35,0,0,5,0
17,80.4,2,0,4,0
1,149.04,0,0,5,1
26,149.11,2,0,5,2
38,82.05,0,0,4,1
44,108.0,4,0,5,0
35,121.58,2,0,5,1
2,103.53,1,0,4,4
35,58.76,2,0,5,0
44,63.88,0,0,5,0
40,110.52,1,0,5,2
43,118.21,3,0,4,0
12,57.34,0,0,5,0
14,64.17,0,0,5,2
25,98.19,2,1,5,1
21,77.77,2,0,4,2
31,84.83,1,0,5,1
31,143.76,0,1,5,0
11,95.93,1,0,5,1
11,101.19,1,0,4,3
45,65.5,3,0,4,2
13,105.17,2,0,4,2
12,107.39,0,0,5,1
43,123.8,0,0,5,0
5,109.65,4,1,3,7
5,61.53,3,0,4,1
9,86.08,3,1,3,1
34,126.77,0,0,5,0
46,57.98,2,0,5,0
43,76.61,2,0,4,0
16,100.6,3,0,5,3
5,114.63,3,0,3,7
35,53.11,0,0,5,1
7,145.22,4,1,4,2
17,141.05,1,0,4,2
18,141.13,5,0,2,2
17,101.08,0,0,4,1
15,141.86,4,0,5,4
22,138.98,1,0,5,2
33,77.18,1,0,5,0
26,82.84,0,0,5,1
2,53.18,2,0,4,1
45,52.34,2,0,5,1
3,66.46,1,0,3,1
27,99.08,2,1,4,0
32,97.91,3,1,5,0
46,100.0,2,0,5,2
2,130.9,4,0,4,6
32,95.4,1,0,5,0
15,51.65,1,0,5,4
43,148.31,2,0,5,2
34,67.62,3,0,5,4
46,126.92,4,0,4,2
18,60.77,2,0,3,2
20,70.17,3,0,4,0
14,113.27,1,0,5,5
27,103.1,1,0,5,1
26,93.03,0,0,5,1
14,132.67,2,0,5,3
30,138.52,2,0,5,4
16,75.16,1,0,5,1
17,133.67,1,0,5,1
18,149.33,1,0,5,2
28,130.84,2,0,5,1
4,137.13,2,0,5,3
17,74.17,2,0,3,1
42,144.93,1,0,5,0
46,69.74,0,0,5,1
36,113.02,2,0,4,0
44,139.69,1,0,4,0
39,85.64,1,0,4,1
37,104.9,2,0,5,1
28,93.24,0,0,5,1
32,89.5,2,0,4,1
3,144.17,4,1,3,9
25,128.65,2,0,5,1
11,113.13,1,0,4,1
31,136.53,0,0,5,0
42,94.99,2,0,5,1
3,100.0,0,0,5,1
1,130.57,1,0,5,1
5,133.49,0,0,5,2
6,63.41,2,0,5,3
18,76.38,1,0,5,1
27,81.28,0,0,5,0
35,135.84,2,0,5,2
37,114.62,1,0,5,2
10,70.27,1,0,5,3
15,66.2,1,0,5,2
41,117.6,0,0,5,0
17,119.44,2,0,4,3
12,146.59,2,1,3,3
29,74.87,1,0,5,0
44,102.7,2,0,4,1
31,133.35,2,0,5,5
43,132.3,0,0,5,0
23,59.89,0,0,4,2
1,107.85,1,0,5,3
48,138.49,2,0,5,1
33,85.1,2,0,5,1
6,126.66,2,0,4,2
1,86.26,0,0,5,0
38,58.47,2,0,4,0
13,103.28,1,0,5,0
5,133.6,4,1,3,4
35,127.6,2,0,4,1
35,135.92,4,0,5,4
40,65.65,3,0,5,1
42,136.7,0,0,5,0
15,125.45,2,1,5,1
6,54.36,0,0,4,1
27,50.95,1,0,5,0
35,144.66,3,1,4,1
8,141.5,1,0,5,1
3,138.88,2,0,5,3
15,58.69,5,1,3,5
21,100.74,3,0,5,3
11,100.62,2,0,4,1
10,77.46,0,0,5,0
30,123.4,5,0,4,1
45,85.61,2,0,5,0
35,82.03,1,0,5,0
43,80.69,1,0,5,1
29,77.82,0,0,5,0
2,132.52,0,0,4,0
4,87.65,0,0,5,2
16,87.89,2,0,4,2
41,85.26,1,0,5,0
29,145.79,3,0,5,1
16,115.04,2,0,5,1
24,142.99,1,0,5,0
21,86.96,0,0,5,0
44,123.08,0,0,5,1
42,120.82,1,0,5,1
24,143.16,1,1,5,1
1,145.08,1,1,5,3
7,93.45,1,0,4,1
44,122.05,2,0,5,1
36,134.78,0,0,5,1
19,113.3,1,1,5,0
23,79.32,1,0,5,0
17,53.99,1,0,5,1
33,80.17,1,0,4,1
30,77.06,0,0,5,0
35,141.23,0,0,5,2
39,71.72,1,0,5,0
38,148.62,2,0,4,1
27,83.28,2,0,5,2
43,52.01,2,0,5,2
3,117.78,2,0,5,1
47,144.49,1,0,5,0
16,96.56,4,0,3,4
48,116.63,1,0,5,2
36,101.97,1,0,5,0
23,53.33,0,0,5,4
32,122.24,0,0,5,0
2,69.51,3,1,3,3
5,113.37,2,0,5,4
17,88.35,1,0,4,1
45,58.84,1,0,5,0
14,54.35,3,0,5,4
3,101.29,0,0,4,0
7,94.4,5,0,2,8
47,83.73,1,0,5,0
1,112.1,2,0,5,1
17,146.89,1,0,4,1
6,74.06,1,0,5,2
21,66.64,3,0,5,1
29,77.52,0,0,4,1
15,126.17,2,1,4,1
46,137.33,0,0,5,0
6,81.58,2,0,5,1
30,117.36,3,0,5,2
23,59.66,4,0,5,1
14,78.23,4,0,3,4
24,74.1,4,1,3,3
11,59.54,1,0,5,2
47,104.06,2,0,5,0
43,145.95,0,0,5,0
45,90.88,4,0,5,5
7,149.43,3,0,4,2
8,101.56,3,0,4,2
26,101.36,0,0,5,0
44,147.28,2,0,5,1
37,125.78,1,0,5,0
37,101.44,2,1,5,2
31,57.98,2,0,4,0
17,118.86,1,0,5,4
6,116.69,2,0,5,1
48,82.4,1,0,5,2
48,85.51,6,0,5,1
43,74.4,1,0,5,2
48,95.94,2,0,5,0
40,94.73,1,0,5,0
3,67.17,1,0,5,0
10,64.25,1,0,5,1
47,93.66,2,0,5,0
36,96.91,0,0,5,1
41,149.39,1,0,5,1
40,103.87,3,0,5,2
29,88.61,2,0,4,0
43,111.37,1,0,4,2
47,52.03,1,0,5,0
19,77.59,1,0,5,1
1,136.08,2,1,4,4
6,99.41,3,1,4,1
19,94.45,2,0,5,0
18,77.96,0,0,4,2
47,90.02,0,0,5,1
42,113.54,3,0,4,3
42,134.2,1,0,5,0
39,133.86,1,0,5,0
46,124.49,2,0,5,1
45,119.21,5,0,4,2
16,88.17,2,0,4,4
4,110.0,0,0,5,1
41,142.24,3,0,4,0
38,80.48,2,0,4,1
9,66.92,2,0,4,6
38,136.85,1,0,5,2
7,122.16,3,0,3,3
26,116.91,0,0,5,0
2,134.84,2,0,3,2
41,99.54,1,0,5,1
40,118.7,2,1,5,1
29,147.57,0,0,5,0
26,64.12,4,0,4,2
41,52.05,0,0,5,0
12,93.0,2,1,5,2
6,129.52,0,0,5,6
3,93.07,3,0,3,5
24,55.56,1,0,5,1
48,128.57,0,0,4,0
39,113.21,1,0,5,2
28,118.78,1,0,5,1
42,63.59,1,0,3,0
48,53.04,2,0,5,0
2,125.29,1,0,4,2
15,57.32,2,0,4,0
48,115.43,1,0,5,1
29,107.38,0,0,5,1
33,116.99,2,0,4,0
36,87.91,5,0,5,2
35,138.34,1,0,5,0
22,134.16,4,1,4,2
10,127.32,1,0,5,0
42,133.21,0,0,5,1
13,142.93,3,1,4,4
47,98.96,3,0,3,1
24,126.96,1,0,5,0
16,88.54,0,0,5,2
6,53.45,1,1,5,3
47,106.42,1,0,5,1
6,114.24,0,0,5,1
17,115.43,1,0,4,2
43,74.96,1,0,5,1
23,108.66,0,0,5,1
32,57.91,0,0,5,0
19,59.2,1,0,4,2
31,82.15,3,0,5,1
39,118.4,2,0,4,1
48,146.67,2,0,5,2
32,66.71,5,0,4,3
9,80.18,1,0,5,4
6,106.81,1,0,5,1
36,80.0,2,0,5,1
10,85.05,2,1,4,5
24,116.1,1,0,5,1
36,94.53,1,0,3,0
5,142.93,0,1,5,1
28,126.88,1,0,5,0
23,58.6,3,0,4,0
5,79.2,0,0,5,1
45,60.24,1,0,5,1
17,75.92,3,0,5,2
1,90.76,0,0,5,1
42,71.06,2,0,5,1
15,77.38,1,0,5,1
44,128.84,1,0,5,1
32,139.3,1,0,5,1
20,72.75,1,0,5,1
16,107.41,0,0,5,1
27,120.68,2,0,5,0
5,135.66,2,1,3,6
14,112.33,0,0,4,2
48,106.67,0,0,5,1
6,100.29,1,0,4,1
29,119.29,3,0,5,0
47,95.84,1,0,5,1
24,125.1,0,0,5,0
2,51.79,3,0,4,3
32,113.65,1,0,4,1
22,63.84,3,0,3,1
28,134.87,1,0,5,2
25,58.32,1,0,5,1
48,113.06,5,1,4,3
17,91.11,1,0,5,1
43,107.62,1,0,5,0
44,149.58,2,0,5,2
21,72.87,1,0,5,0
43,56.26,1,0,4,0
22,123.27,2,1,5,0
35,64.25,4,0,5,1
9,134.45,2,0,3,2
26,142.97,2,0,4,0
37,115.58,0,0,3,0
10,99.48,1,1,5,1
23,125.12,2,0,5,1
2,84.75,1,0,5,1
44,72.65,2,0,5,1
33,124.91,0,0,4,0
10,97.38,1,0,5,1
17,107.22,1,0,5,2
26,134.73,3,0,3,4
27,103.66,3,0,5,0
27,105.27,0,0,4,0
25,107.21,1,0,5,1
41,123.45,0,0,4,2
30,78.5,1,0,5,1
37,53.63,3,0,5,1
35,112.3,1,0,5,0
40,86.57,1,0,5,1
41,89.19,0,0,5,0
34,75.86,2,0,4,1
31,80.66,3,0,4,1
21,72.52,1,0,5,0
40,75.04,0,0,5,2
12,67.49,2,0,4,1
12,83.24,3,1,3,2
39,53.83,0,0,5,1
16,124.36,0,0,5,1
3,66.67,1,0,4,3
44,100.77,2,0,4,4
23,134.08,2,0,4,1
7,98.0,0,0,4,2
21,92.23,2,0,5,1
32,62.29,0,0,5,0
26,118.5,1,0,4,1
22,86.72,2,0,5,1
23,140.62,0,0,5,0
44,96.42,1,0,5,0
34,58.15,1,0,5,0
5,74.32,1,0,5,2
41,83.21,2,0,5,0
38,92.54,1,0,5,3
19,111.81,0,1,5,4
19,75.99,1,0,4,1
23,67.79,2,0,5,1
26,119.28,3,0,4,2
20,109.17,1,0,5,1
26,84.59,4,1,5,4
25,52.72,1,1,5,0
20,60.75,1,1,5,1
24,126.61,2,0,5,4
29,75.92,3,0,5,0
28,144.95,0,0,4,0
22,123.62,1,0,5,1
7,76.55,2,0,5,4
37,62.89,3,0,4,2
33,50.73,0,0,4,0
40,97.5,1,0,5,0
19,141.35,0,0,5,1
31,149.58,0,0,5,1
37,72.61,2,0,5,0
24,108.89,0,0,5,1
14,64.8,1,0,5,1
44,61.61,2,0,5,3
37,102.79,2,0,4,0
28,89.19,2,0,4,0
10,123.82,4,0,4,4
6,76.04,3,0,2,3
23,134.6,1,0,5,4
27,107.24,0,0,5,0
34,132.58,1,0,5,1
47,82.75,1,0,5,1
18,91.92,1,0,4,0
33,128.37,1,0,4,1
11,127.99,0,0,4,0
27,146.21,2,0,3,1
28,59.12,1,0,5,1
21,132.42,3,0,2,1
27,54.71,0,0,5,1
41,76.01,0,0,4,1
28,103.2,0,0,5,2
18,70.43,1,0,5,0
40,67.62,1,0,5,0
42,82.95,1,0,5,1
20,98.85,2,0,5,1
25,70.43,4,0,5,3
3,63.92,3,0,5,2
19,138.33,0,0,5,2
19,98.03,1,0,5,0
40,59.39,0,0,5,0
5,113.48,2,0,5,2
8,89.63,0,0,5,0
22,92.7,0,0,4,3
46,111.7,1,0,5,0
9,69.28,2,0,5,5
5,57.24,0,1,5,0
21,137.58,1,0,5,0
15,71.34,2,0,4,3
47,127.62,3,0,5,2
15,130.02,2,0,5,5
5,67.08,1,0,5,1
35,136.1,2,0,5,0
22,130.16,0,0,5,0
7,63.59,1,0,5,0
20,60.28,2,0,5,2
45,149.92,1,0,5,2
27,139.26,0,0,5,1
35,76.03,0,0,5,0
4,50.45,2,0,5,4
45,67.44,1,0,5,1
13,101.92,1,0,4,2
13,91.7,0,0,5,1
30,75.68,3,0,4,2
42,65.2,3,1,5,0
15,77.42,1,0,5,1
7,139.44,3,1,2,2
7,149.08,0,1,4,2
24,87.03,1,0,5,1
22,104.4,4,0,5,4
18,93.1,0,0,5,0
41,82.58,2,0,5,1
46,88.09,2,0,5,0
5,129.29,4,1,2,6
42,56.34,0,0,5,1
5,131.37,1,0,5,0
10,62.36,1,0,4,0
29,132.34,1,0,5,0
11,100.32,1,0,5,5
48,71.78,2,0,4,0
46,73.5,3,0,4,1
9,54.57,2,0,4,0
47,132.53,1,0,5,0
32,144.92,0,0,5,0
20,125.24,3,0,5,3
24,138.8,3,0,4,1
5,118.43,2,0,5,3
39,130.42,3,0,5,1
30,130.52,3,0,3,0
27,103.62,0,0,4,1
39,100.22,3,0,5,1
8,114.23,2,0,5,5
9,85.39,1,0,5,1
34,71.37,1,0,5,0
30,56.01,2,1,4,2
45,117.27,0,0,5,0
2,149.54,0,0,5,0
20,140.55,0,0,4,0
21,65.61,3,0,5,4
26,125.37,2,0,5,1
30,129.91,2,0,4,0
17,126.71,0,0,5,1
7,149.23,1,0,5,3
16,61.9,2,0,5,0
14,140.38,1,0,5,3
18,93.31,3,0,5,5
9,137.93,1,0,5,1
1,147.27,3,1,4,4
33,53.46,0,0,4,1
1,76.15,1,1,5,4
42,118.85,1,0,5,0
34,136.11,3,0,4,0
32,67.6,2,0,5,3
20,106.57,2,0,4,0
32,61.84,3,0,5,5
2,71.4,2,0,4,4
23,100.41,0,0,5,0
35,143.45,1,0,5,2
19,128.3,2,0,4,7
30,120.88,1,0,5,1
4,147.14,1,0,5,2
44,148.25,1,0,5,2
26,111.34,1,0,5,1
38,109.18,1,0,4,0
13,130.94,0,0,4,2
20,103.4,2,0,4,2
10,104.79,0,1,5,0
11,132.94,1,0,5,6
7,103.52,2,0,5,2
34,141.71,3,0,4,1
41,59.61,1,0,5,0
2,102.59,1,1,5,3
4,88.66,3,1,5,3
25,63.04,2,0,5,0
6,100.25,2,1,5,2
22,131.73,0,0,5,1
27,79.02,0,0,5,0
4,60.02,1,0,5,0
3,79.45,3,1,4,1
41,60.44,4,0,3,1
28,88.73,1,0,5,2
8,135.81,1,0,4,2
21,138.96,3,0,4,5
26,121.04,0,0,5,1
5,52.25,0,0,3,1
41,136.54,0,0,5,0
2,65.99,6,1,2,6
18,88.78,4,1,5,5
34,117.79,1,0,5,2
31,100.93,2,0,5,3
24,109.11,2,0,4,3
46,65.01,1,0,4,0
41,103.28,0,0,5,1
40,85.66,1,0,5,0
8,62.48,2,0,4,0
15,55.1,1,0,5,1
48,94.68,3,0,5,3
31,130.17,4,0,4,0
5,91.56,0,0,5,2
16,67.03,1,0,5,0
10,63.2,0,0,5,0
28,121.0,3,0,4,1
45,50.77,1,0,5,1
36,61.54,2,0,5,3
35,83.9,2,0,5,1
47,108.1,2,0,5,1
40,84.6,1,0,5,0
9,102.12,2,0,5,1
28,110.0,0,0,5,0
23,143.05,1,0,3,3
17,112.45,2,0,4,1
34,120.92,0,0,5,1
38,88.77,2,0,5,1
43,148.52,1,0,5,1
8,81.81,3,0,5,4
19,118.94,0,0,5,1
9,117.64,1,0,5,3
22,74.33,0,0,5,1
11,78.96,0,0,5,1
4,119.47,1,1,5,2
45,95.66,1,0,5,1
15,70.92,1,0,5,0
1,125.15,2,0,4,2
1,65.88,1,0,5,1
16,58.29,3,0,4,2
21,67.95,1,0,5,0
1,50.63,3,1,5,4
23,103.85,1,1,5,0
15,113.34,2,0,5,3
18,144.01,0,0,4,2
11,95.88,1,0,5,0
20,77.55,2,0,5,1
32,148.34,3,1,4,3
5,108.7,1,0,4,5
19,85.15,2,0,5,2
33,106.13,1,0,5,1
14,63.85,1,0,4,1
10,62.36,1,0,4,3
26,108.7,2,0,5,2
15,136.98,1,0,5,5
12,94.39,0,0,5,2
41,68.36,2,0,4,3
31,68.13,1,0,4,0
26,109.71,1,0,4,3
35,144.35,2,0,5,1
23,107.77,2,0,5,1
1,93.83,0,1,4,1
36,67.91,2,0,5,0
31,90.83,3,0,5,1
22,117.02,2,0,5,3
43,51.92,2,0,5,0
8,124.82,2,0,4,6
29,54.1,0,0,5,1
38,96.08,0,0,5,0
12,67.69,0,0,5,2
30,125.97,2,0,4,3
3,131.38,3,1,3,6
22,52.79,0,0,5,0
44,65.59,0,0,5,0
6,103.28,2,0,5,2
17,100.51,0,0,5,0
30,85.72,0,0,4,0
28,145.79,1,0,5,0
39,142.24,0,1,5,3
20,88.65,0,0,5,2
36,96.4,2,0,5,1
38,62.74,3,0,5,0
34,93.94,2,0,5,0
1,75.1,2,1,4,2
15,113.45,1,0,5,2
40,76.72,1,0,5,1
33,146.31,1,0,5,3
44,64.15,0,0,5,0
16,148.7,6,1,2,9
45,139.78,1,0,5,0
16,144.03,1,0,4,1
44,123.43,1,0,5,1
17,140.2,1,0,3,1
37,102.99,0,0,4,0
3,139.56,0,0,4,1
37,133.62,2,0,5,2
34,60.23,0,0,5,1
14,94.4,2,0,5,1
2,113.66,1,0,5,2
27,50.94,4,0,5,1
36,125.98,1,0,5,1
1,105.6,2,0,4,1
27,51.91,0,0,5,0
44,76.95,0,0,5,1
45,127.58,2,0,5,1
36,71.94,3,0,5,1
40,50.72,1,0,4,0
35,103.09,1,0,5,2
46,91.99,0,0,4,0
37,69.57,0,0,5,0
25,73.99,1,0,5,1
45,143.53,2,0,4,0
9,69.61,1,0,3,2
40,61.22,1,0,5,1
3,134.78,3,0,4,4
48,93.07,1,0,5,1
43,79.32,1,0,5,0
1,148.4,2,0,4,2
46,122.78,1,0,5,0
39,98.39,1,0,5,0
11,83.73,3,0,3,5
37,80.18,1,0,4,1
29,116.78,1,0,5,1
42,114.48,1,0,5,1
17,83.7,1,0,3,0
16,82.48,1,0,5,0
2,104.08,2,0,5,3
47,116.18,0,0,3,0
14,61.53,0,0,5,0
37,136.92,0,0,4,1
29,87.28,4,0,5,3
29,104.21,0,0,5,0
39,139.63,3,0,4,3
36,84.84,1,0,5,2
18,80.23,1,0,5,1
18,139.22,2,0,5,3
20,80.61,3,0,4,1
27,68.72,0,0,5,0
31,109.45,2,0,5,0
47,62.67,4,0,5,1
13,98.07,0,0,5,1
38,109.15,1,0,5,0
23,146.61,2,0,5,1
37,129.47,0,0,5,1
47,145.43,1,0,5,3
42,50.26,2,0,5,2
39,78.71,4,0,5,0
4,111.02,0,0,5,1
29,111.92,0,0,5,1
6,93.2,1,0,5,3
3,71.05,2,0,4,1
47,51.46,0,0,5,0
32,121.02,1,0,5,1
10,79.16,0,0,5,3
16,136.91,1,0,5,1
8,145.71,1,0,5,2
27,105.28,2,0,4,1
9,103.36,3,1,4,4
1,104.23,0,0,5,1
7,97.46,0,0,3,1
48,106.42,2,0,5,1
6,109.72,1,0,5,0
33,81.95,1,0,5,0
2,96.35,0,0,5,2
31,85.15,0,0,4,0
11,137.5,3,0,3,1
41,67.67,0,0,5,2
1,123.05,5,1,2,6
2,93.4,2,1,5,0
18,149.93,2,0,5,1
35,147.12,2,0,4,2
48,67.58,1,0,5,0
19,114.07,5,1,4,4
24,106.31,2,0,5,0
2,60.0,2,0,3,5
8,69.64,0,0,5,0
43,138.72,3,0,5,3
5,141.06,1,0,5,1
6,140.75,0,0,5,0
33,145.45,2,0,5,0
37,131.29,0,0,5,0
46,95.23,3,0,5,3
33,59.04,1,0,3,1
25,128.06,3,0,4,3
26,123.52,2,0,5,1
4,148.12,2,0,5,1
47,121.93,1,0,5,0
25,72.29,1,0,5,1
37,117.43,3,0,3,0
19,65.17,0,0,3,0
18,68.3,1,0,5,0
21,113.1,2,0,4,3
33,56.07,2,0,5,2
32,132.7,4,0,5,5
41,73.94,0,0,4,0
20,56.0,2,0,4,1
43,149.59,2,0,5,2
5,117.31,1,0,5,0
10,83.59,3,0,5,1
27,95.76,3,0,5,2
46,61.95,2,0,5,3
6,116.96,2,0,4,5
1,131.08,1,0,5,3
44,77.51,1,0,5,0
25,113.32,1,0,5,0
16,104.68,0,0,5,1
41,129.28,2,0,5,0
14,85.78,0,0,5,0
12,89.97,1,1,5,2
36,134.72,0,0,5,1
10,77.22,1,0,5,3
28,128.06,0,0,5,1
26,137.9,0,0,5,0
47,76.23,2,0,4,1
27,142.75,0,0,4,2
12,76.11,2,0,5,1
10,110.44,0,0,4,1
28,50.12,2,0,5,0
9,139.15,1,0,5,3
19,91.91,2,0,5,3
33,52.74,1,0,4,0
20,134.8,2,0,4,1
37,62.62,0,0,5,1
2,129.95,0,0,5,1
38,64.54,2,0,5,0
33,116.35,1,0,5,0
11,134.53,1,1,4,2
27,53.41,2,0,5,2
12,139.54,1,0,4,3
28,105.28,2,0,4,2
30,140.16,0,0,5,2
9,72.8,1,0,5,3
3,91.19,3,0,5,6
46,119.14,1,0,5,0
22,128.83,0,0,5,1
41,88.67,0,0,5,0
14,142.51,2,0,5,1
17,137.93,2,0,4,1
22,66.92,3,0,5,3
4,63.46,1,0,4,1
45,124.05,0,0,5,1
35,95.97,0,0,4,1
2,138.35,1,0,5,5
36,129.42,3,0,5,0
28,116.97,0,0,5,2
40,91.38,2,0,4,2
44,105.7,4,0,5,2
2,118.27,4,1,2,6
31,70.52,1,0,5,1
43,110.13,1,0,5,0
26,138.43,0,0,5,0
9,65.49,0,0,5,1
13,133.8,2,0,5,0
43,101.33,2,0,4,0
29,124.18,2,0,4,1
28,127.4,1,0,5,1
10,106.98,1,0,5,2
4,132.07,2,0,3,1
20,93.8,4,1,4,2
45,104.92,0,0,5,0
41,143.44,4,0,4,1
34,142.2,1,0,5,2
33,131.4,0,0,5,2
18,129.77,1,0,5,2
19,127.52,0,0,4,0
38,51.01,0,0,5,0
2,50.54,2,1,4,1
14,75.47,2,1,5,0
20,116.58,3,0,5,2
15,69.6,2,0,5,0
10,124.54,4,1,2,6
5,77.97,0,0,5,0
15,123.46,1,0,4,0
17,140.51,1,0,4,2
5,120.52,2,1,3,2
39,140.24,0,0,4,0
10,112.12,6,1,1,10
7,132.06,1,0,5,2
18,118.96,3,0,5,1
32,111.9,1,0,4,0
39,143.33,5,0,4,3
37,121.74,1,0,4,0
36,119.72,1,0,5,0
11,90.19,3,0,5,4
43,72.03,1,0,5,1
25,64.11,1,0,5,0
37,122.46,1,0,5,1
11,80.88,3,0,4,1
44,63.34,2,0,5,0
40,65.74,1,0,5,2
44,74.81,1,0,5,0
34,140.87,4,0,5,3
22,71.49,1,0,4,2
26,120.36,3,0,4,3
22,69.19,2,0,4,3
24,118.63,2,0,5,3
47,128.43,2,0,5,1
11,86.77,5,1,4,8
19,143.32,3,0,3,1
33,99.49,1,1,5,1
47,54.73,0,0,4,0
3,110.24,0,0,5,1
5,80.32,0,0,5,1
39,69.47,2,0,5,0
21,57.93,2,0,4,0
21,72.83,2,0,4,2
44,109.39,1,0,5,1
3,64.84,2,0,4,2
35,57.42,3,0,5,0
17,95.88,0,0,5,1
35,123.11,0,0,5,2
19,132.18,1,0,5,0
27,97.91,1,0,4,0
12,59.42,3,0,4,1
9,137.81,0,0,5,1
27,100.45,0,0,5,1
22,55.49,2,0,4,2
32,50.31,2,0,5,2
24,87.14,1,0,5,1
26,82.26,2,0,4,0
29,120.43,0,0,5,1
8,60.49,2,1,4,3
3,136.8,2,0,3,3
40,105.06,1,0,5,0
34,56.01,1,0,5,0
8,57.05,1,0,4,5
38,132.71,2,0,4,0
47,122.19,2,0,5,0
18,54.77,3,0,3,2
27,76.02,2,0,5,1
3,94.77,1,0,5,3
43,127.69,0,0,5,1
10,84.94,3,1,3,3
44,101.61,4,0,3,4
15,137.09,2,0,5,3
22,147.02,1,0,3,1
2,65.99,3,0,4,4
38,74.23,0,0,5,0
28,139.5,2,1,5,0
29,50.74,0,0,5,0
8,57.94,0,0,5,3
46,105.39,1,0,5,0
30,140.49,3,0,5,2
47,120.38,0,1,5,0
17,134.44,0,0,5,1
44,88.36,2,0,4,1
15,80.16,2,0,5,0
9,127.3,1,0,4,4
36,120.79,0,0,4,1
40,107.74,0,0,5,0
6,65.83,0,0,5,1
39,103.51,5,1,3,2
41,136.93,0,0,5,3
9,84.2,0,0,5,4
32,99.63,4,1,4,1
34,50.64,1,1,5,2
4,136.72,1,0,4,1
19,149.04,0,0,5,1
6,102.88,2,0,4,3
23,51.17,1,0,5,2
34,58.63,3,0,5,3
10,114.27,0,0,5,0
37,86.6,1,1,5,1
23,69.0,4,0,3,4
30,75.91,1,0,5,0
20,125.32,2,0,4,0
39,66.19,1,0,5,0
11,138.04,1,0,5,0
17,103.66,0,0,5,4
20,67.93,1,0,5,1
5,57.83,2,0,5,1
48,141.78,0,0,5,1
25,127.24,0,0,5,2
5,73.29,2,0,4,3
38,76.76,2,0,5,1
5,100.5,1,0,3,1
35,118.83,2,0,5,2
27,121.6,1,0,5,0
33,63.98,3,0,5,3
23,101.76,3,1,4,1
32,103.64,0,0,5,2
10,114.75,3,0,5,3
9,99.47,2,0,5,2
19,85.78,1,0,5,0
7,118.27,3,0,4,3
25,55.31,0,0,5,0
30,133.39,0,0,5,2
13,121.93,3,0,3,4
32,68.71,2,0,5,1
4,138.17,0,0,5,3
1,140.51,0,0,5,1
26,139.73,4,0,5,6
5,146.65,2,1,4,2
2,87.97,1,0,5,2
31,81.45,5,0,4,2
14,70.2,3,0,4,1
7,50.27,1,0,4,3
47,79.01,1,0,5,0
46,93.45,3,0,4,0
22,106.41,3,0,5,2
7,121.9,2,1,5,3
41,110.13,1,0,5,2
1,78.96,3,0,4,3
38,123.0,0,0,5,1
14,57.31,1,0,5,0
17,63.31,0,0,5,1
10,50.87,0,0,4,1
23,129.7,1,0,5,3
43,93.19,5,0,5,1
45,109.52,1,0,5,1
20,118.78,3,0,4,1
29,107.91,3,0,5,3
14,86.64,0,0,5,0
36,107.23,0,0,5,0
4,66.19,0,0,5,1
16,90.38,3,0,5,4
3,67.01,0,0,5,2
39,90.82,2,0,5,0
24,138.71,3,0,5,0
43,119.68,1,0,5,1
40,126.35,0,0,4,0
22,60.36,2,0,5,1
27,59.43,2,0,4,1
16,115.55,1,0,5,1
3,101.49,2,0,5,6
36,75.72,2,0,5,1
14,104.11,2,0,4,4
16,141.66,1,0,5,0
20,93.96,2,1,5,1
31,118.45,2,0,5,1
28,120.04,1,0,5,1
10,87.92,0,0,4,1
21,99.61,4,0,4,1
2,109.86,0,0,4,1
5,125.79,1,1,5,2
23,95.93,3,0,5,2
8,133.29,0,0,4,1
24,118.92,4,0,5,4
22,126.05,2,0,5,2
6,69.33,0,0,5,0
14,91.32,0,0,5,1
9,127.38,0,0,5,1
2,62.19,0,0,4,1
16,80.72,1,0,5,1
25,120.7,2,0,5,1
27,59.88,3,0,5,2
24,61.53,0,0,2,0
3,86.75,1,0,5,4
11,133.19,0,0,5,0
7,137.48,1,0,4,5
23,89.41,1,0,4,1
17,111.32,1,0,5,2
35,78.81,3,0,4,1
40,115.92,4,0,5,2
18,55.03,0,0,5,0
48,102.1,0,0,5,1
20,147.3,2,0,5,2
5,136.21,1,0,4,1
33,95.42,1,0,5,0
30,78.79,2,0,5,0
9,115.57,1,0,4,6
29,116.86,1,0,5,0
14,71.18,0,0,5,0
2,124.16,1,0,4,1
17,76.89,1,0,4,0
5,66.99,3,0,4,4
12,148.29,1,0,5,2
8,90.8,1,0,5,1
12,63.33,2,0,4,2
45,121.99,1,0,5,0
4,134.86,3,0,2,3
36,84.15,1,0,5,3
34,139.05,1,0,5,0
38,62.41,0,0,5,2
22,63.79,1,0,4,1
5,99.75,1,0,5,4
23,71.16,1,0,5,2
20,141.81,0,0,4,1
31,128.11,2,0,4,2
17,143.88,3,0,2,5
19,81.49,0,0,5,1
7,145.09,1,0,5,1
23,135.67,2,0,5,3
5,53.86,0,0,5,0
2,86.93,2,0,5,0
8,128.44,1,0,4,2
37,140.53,3,0,5,3
34,145.38,0,0,5,1
12,61.74,2,0,5,2
35,141.68,3,0,4,2
28,108.34,2,0,4,1
12,137.19,1,0,4,3
41,102.94,3,0,5,2
9,125.52,3,0,4,2
46,65.55,5,0,5,4
42,56.34,1,0,5,0
15,76.53,3,1,4,4
37,124.48,3,0,5,2
37,103.92,1,0,5,0
22,132.46,1,0,5,1
19,125.36,0,0,5,1
14,144.94,1,0,4,3
43,94.49,0,0,5,2
41,104.53,2,0,5,2
17,142.36,2,0,5,2
47,131.63,2,0,4,2
20,68.73,1,0,5,0
20,146.34,2,0,4,1
37,85.3,3,0,5,2
35,105.8,0,0,5,0
42,148.62,4,0,5,2
43,80.27,2,0,4,1
42,78.09,3,0,4,1
46,82.1,2,0,5,0
13,85.68,2,0,5,2
16,85.52,2,0,4,2
36,102.14,1,0,5,1
43,73.65,2,0,5,2
1,77.8,1,1,5,1
28,146.18,2,0,4,1
3,99.24,2,0,4,2
1,112.12,3,0,3,2
36,144.74,1,0,5,1
2,72.29,0,0,5,2
23,148.54,1,0,5,0
4,136.53,2,1,5,3
28,50.4,1,0,5,0
35,107.69,0,0,4,0
22,139.26,2,0,4,0
5,132.7,5,1,2,2
40,53.9,3,0,5,1
9,96.58,2,0,5,5
38,94.03,2,0,5,1
18,100.77,0,0,5,0
29,134.05,2,0,4,1
19,67.76,2,0,4,0
42,100.59,1,0,5,0
15,58.44,2,0,5,1
3,109.78,1,0,5,1
27,146.63,1,0,5,2
42,143.8,2,0,4,3
43,90.24,1,0,5,0
2,107.32,1,0,5,3
24,148.52,1,0,5,0
24,124.18,1,0,5,1
1,114.18,1,0,5,3
29,142.84,2,0,5,4
25,133.45,0,0,5,0
15,92.44,1,0,5,1
35,121.17,0,0,5,1
23,135.76,1,0,4,2
13,115.33,2,0,5,1
42,72.14,3,0,4,0
15,75.85,2,0,5,1
35,115.07,2,0,5,0
37,123.47,1,0,5,2
16,109.0,0,0,5,1
14,99.51,4,0,5,2
38,123.78,0,0,5,1
36,81.69,5,0,5,4
6,91.8,1,1,4,1
3,90.63,3,0,5,5
41,94.34,1,1,5,0
41,111.44,1,0,5,0
39,134.72,2,0,4,0
20,118.16,1,0,5,2
8,130.11,3,0,4,2
8,81.45,1,0,4,0
41,80.81,0,0,5,0
7,127.88,0,0,5,3
5,114.25,2,0,4,1
19,112.67,3,0,5,3
27,147.4,1,0,4,1
38,136.36,2,0,4,0
48,117.02,1,0,5,0
21,69.32,4,0,5,2
3,121.46,0,0,4,2
5,113.48,1,0,4,1
9,59.14,1,0,4,1
22,145.28,3,0,5,3
36,98.9,2,0,3,0
2,130.07,3,0,3,6
28,139.51,0,0,4,1
45,74.4,1,0,5,0
35,73.17,2,0,5,2
21,70.32,2,0,5,2
20,52.75,1,0,5,0
24,132.88,2,0,5,2
46,88.87,0,0,3,2
47,132.28,3,0,5,0
42,127.78,2,0,4,1
42,63.69,2,0,5,0
38,136.05,6,1,4,4
31,133.64,1,0,5,2
35,96.54,1,1,5,1
38,72.61,2,0,5,1
12,74.64,3,0,5,5
25,85.11,2,0,5,1
40,135.03,0,0,5,0
15,62.34,2,0,4,3
20,58.01,3,0,4,0
21,62.3,2,0,5,3
24,123.1,2,0,5,4
22,87.6,0,0,5,2
30,126.29,1,1,3,2
47,115.58,1,0,5,0
41,116.08,0,0,5,1
48,60.67,2,0,3,0
31,64.99,1,0,5,2
37,60.57,2,0,4,1
12,143.53,1,0,5,0
46,54.05,1,0,4,0
36,109.78,2,1,3,0
21,140.35,1,0,5,3
34,84.13,1,0,5,0
22,108.42,3,0,5,1
31,125.91,1,0,4,1
6,66.55,2,0,4,1
9,50.79,2,0,5,1
13,134.61,3,0,4,1
45,91.19,3,0,4,0
3,119.12,3,0,3,3
48,111.77,1,0,5,1
19,52.52,1,0,5,2
37,129.8,2,0,5,0
4,97.19,1,0,5,0
47,113.7,0,0,5,0
40,56.71,1,0,5,3
34,59.03,2,0,4,0
25,148.22,3,0,4,3
45,98.6,0,0,5,0
17,73.85,3,0,5,0
18,120.14,2,0,5,0
38,142.71,2,0,4,1
1,56.0,2,0,4,1
19,120.89,3,0,3,2
30,123.62,2,0,5,1
34,77.37,4,0,5,1
37,95.79,1,0,5,0
33,146.95,2,0,5,0
22,63.92,1,1,5,1
47,53.15,2,1,5,1
20,51.67,1,0,5,1
27,117.34,0,0,5,0
7,108.99,2,1,4,0
17,126.83,1,0,4,1
10,84.59,4,1,3,8
36,94.19,1,0,4,1
10,63.81,2,0,5,0
6,87.43,0,0,5,2
6,80.03,0,0,5,1
6,143.05,3,0,3,4
43,55.04,1,0,5,2
31,107.84,3,0,5,4
42,68.03,3,0,4,1
41,67.56,2,0,5,0
38,60.43,1,0,5,0
23,63.7,2,0,5,2
35,134.47,0,0,5,2
8,114.93,2,0,4,1
35,52.4,1,0,5,0
41,53.4,1,0,4,1
26,122.93,1,0,5,0
3,103.55,1,0,5,2
41,68.86,1,0,5,0
14,56.29,0,0,5,2
36,141.1,0,0,3,3
20,102.41,2,0,5,2
45,92.47,4,0,5,3
31,119.49,2,0,4,1
7,53.01,1,0,4,2
47,135.52,3,0,5,0
1,111.74,1,0,5,3
42,68.92,0,0,4,0
23,149.99,0,0,4,0
4,79.52,0,0,5,0
45,74.54,0,0,5,0
15,145.44,1,0,5,2
8,74.91,3,1,4,3
37,78.18,1,0,5,0
40,135.88,1,0,5,1
9,142.77,2,0,3,2
9,98.04,1,0,5,1
33,135.4,3,0,4,2
40,137.94,2,0,5,2
27,105.46,3,0,5,0
36,93.48,3,0,5,0
17,116.84,4,1,5,2
21,130.58,1,0,4,1
41,92.12,2,0,5,1
22,78.48,2,0,5,1
15,116.57,3,0,5,3
2,92.68,2,0,4,3
35,63.33,0,0,4,0
26,139.32,1,0,5,1
37,126.59,2,0,5,0
3,143.72,1,0,4,1
32,140.26,2,0,5,2
47,122.17,1,0,5,0
22,128.9,1,0,5,1
24,113.13,2,0,5,1
37,143.7,0,0,5,1
17,119.47,1,0,5,2
32,142.46,1,0,5,0
7,106.5,2,0,4,1
21,105.24,2,0,5,4
11,93.23,0,0,4,0
9,51.34,2,0,5,3
41,120.36,1,0,5,0
31,140.36,1,0,5,0
30,61.69,4,0,5,2
40,122.98,0,0,5,0
31,121.84,3,0,4,2
30,78.68,1,0,5,1
48,69.78,2,0,5,1
18,117.32,2,0,5,3
39,89.18,2,0,5,0
16,132.32,2,0,4,2
18,125.77,0,0,5,1
3,81.37,4,1,3,8
1,107.11,0,0,5,2
27,80.41,1,0,5,0
4,92.94,3,0,4,2
21,148.16,1,0,5,1
34,70.28,6,1,3,1
11,148.83,3,0,5,4
2,106.41,0,0,5,1
24,71.17,1,0,3,2
47,132.99,1,0,4,1
19,139.63,0,0,5,0
40,72.85,2,0,4,2
42,59.15,0,0,5,0
18,101.02,2,0,5,4
5,95.93,0,0,5,0
8,96.76,4,1,3,3
34,127.88,2,0,5,3
5,119.55,0,1,4,0
6,75.52,0,0,5,0
25,133.41,2,0,5,0
31,129.27,1,0,4,0
5,68.58,2,1,4,0
19,71.53,3,0,4,5
22,123.83,1,0,5,0
40,106.38,0,0,5,0
11,52.6,2,0,4,3
44,92.75,2,0,5,0
14,141.89,0,0,4,4
34,89.04,3,0,4,2
22,75.33,1,0,4,1
45,110.06,1,0,5,1
20,80.77,3,0,5,0
40,85.38,3,0,5,0
33,75.35,0,0,5,1
23,121.62,0,0,5,2
21,127.69,0,0,5,0
43,81.63,1,0,5,0
48,132.3,1,0,4,0
8,89.02,0,0,5,2
44,102.14,1,0,5,0
46,97.38,1,0,5,4
39,130.18,3,1,5,3
18,101.07,1,0,4,3
28,145.88,1,0,5,2
4,116.35,2,0,3,4
41,84.23,1,0,5,0
28,62.04,1,1,5,0
46,119.02,3,0,5,1
5,145.69,3,0,3,2
24,118.04,2,1,5,1
44,82.76,1,0,5,0
12,137.24,3,1,4,2
29,83.07,4,1,5,3
28,58.81,4,0,5,0
31,110.39,1,0,5,1
27,102.63,1,0,5,2
5,52.02,1,0,5,0
43,59.82,3,0,5,3
32,54.5,0,0,4,0
3,133.71,5,1,3,3
13,64.57,1,0,4,1
23,138.47,0,0,4,1
9,148.95,1,0,5,1
30,138.22,0,0,5,2
26,68.05,2,0,3,1
